{"loss/hierarchical-cross-entropy": 0.015422442555427551, "accuracy_top/01": 0.7375, "accuracy_top/05": 0.89375, "ilsvrc_dist_avg/01": 0.15784082253742607, "ilsvrc_dist_avg/05": 0.7555004917589156, "ilsvrc_dist_top/01": 0.15784082253742607, "ilsvrc_dist_top/05": 0.021660849392498287, "ilsvrc_dist_mistakes/avg01": 0.8418177201996057, "ilsvrc_dist_mistakes/avg05": 0.7560272980342134, "ilsvrc_dist_precision/01": 1.1914116059316722, "ilsvrc_dist_precision/05": 0.9253417012862538, "ilsvrc_dist_mAP/01": 1.1914116059316722, "ilsvrc_dist_mAP/05": 1.0518057062763406}