{"loss/hierarchical-cross-entropy": 0.013001990178599954, "accuracy_top/01": 0.83125, "accuracy_top/05": 0.95625, "ilsvrc_dist_avg/01": 0.1231834635094288, "ilsvrc_dist_avg/05": 0.7275596205750556, "ilsvrc_dist_top/01": 0.1231834635094288, "ilsvrc_dist_top/05": 0.008664339756999316, "ilsvrc_dist_mistakes/avg01": 0.8958797346140276, "ilsvrc_dist_mistakes/avg05": 0.7440506494507906, "ilsvrc_dist_precision/01": 1.2353023713975126, "ilsvrc_dist_precision/05": 1.0006957214907406, "ilsvrc_dist_mAP/01": 1.2353023713975126, "ilsvrc_dist_mAP/05": 1.0992798641607977}