{"loss/hierarchical-cross-entropy": 0.020954032242298127, "accuracy_top/01": 0.64375, "accuracy_top/05": 0.88125, "ilsvrc_dist_avg/01": 0.24489463907315273, "ilsvrc_dist_avg/05": 0.763609793921079, "ilsvrc_dist_top/01": 0.24489463907315273, "ilsvrc_dist_top/05": 0.026729163243850346, "ilsvrc_dist_mistakes/avg01": 0.8518074402544443, "ilsvrc_dist_mistakes/avg05": 0.7546897977268995, "ilsvrc_dist_precision/01": 1.0811649295652104, "ilsvrc_dist_precision/05": 0.903471641653864, "ilsvrc_dist_mAP/01": 1.0811649295652104, "ilsvrc_dist_mAP/05": 0.993222734812818}