{"loss/hierarchical-cross-entropy": 0.021240377426147462, "accuracy_top/01": 0.6875, "accuracy_top/05": 0.9125, "ilsvrc_dist_avg/01": 0.22682981558630172, "ilsvrc_dist_avg/05": 0.7589010826602918, "ilsvrc_dist_top/01": 0.22682981558630172, "ilsvrc_dist_top/05": 0.025993019270997945, "ilsvrc_dist_mistakes/avg01": 0.8440179184606577, "ilsvrc_dist_mistakes/avg05": 0.7435909668344421, "ilsvrc_dist_precision/01": 1.1040425795962665, "ilsvrc_dist_precision/05": 0.9161706130333757, "ilsvrc_dist_mAP/01": 1.1040425795962665, "ilsvrc_dist_mAP/05": 1.0259169011069222}