{"loss/hierarchical-cross-entropy": 0.018949446827173234, "accuracy_top/01": 0.65625, "accuracy_top/05": 0.9, "ilsvrc_dist_avg/01": 0.21996348878212607, "ilsvrc_dist_avg/05": 0.7591303952480088, "ilsvrc_dist_top/01": 0.21996348878212607, "ilsvrc_dist_top/05": 0.006866326804175686, "ilsvrc_dist_mistakes/avg01": 0.8379561477414326, "ilsvrc_dist_mistakes/avg05": 0.7122813436346854, "ilsvrc_dist_precision/01": 1.1127382317701795, "ilsvrc_dist_precision/05": 0.9155521775789378, "ilsvrc_dist_mAP/01": 1.1127382317701795, "ilsvrc_dist_mAP/05": 1.0181351726955612}