{"loss/hierarchical-cross-entropy": 0.013097013160586358, "accuracy_top/01": 0.76875, "accuracy_top/05": 0.88125, "ilsvrc_dist_avg/01": 0.1224473195365764, "ilsvrc_dist_avg/05": 0.747538418391323, "ilsvrc_dist_top/01": 0.1224473195365764, "ilsvrc_dist_top/05": 0.01732867951399863, "ilsvrc_dist_mistakes/avg01": 0.8518074402544444, "ilsvrc_dist_mistakes/avg05": 0.7584421725849663, "ilsvrc_dist_precision/01": 1.2362346386956484, "ilsvrc_dist_precision/05": 0.9468146980823512, "ilsvrc_dist_mAP/01": 1.2362346386956484, "ilsvrc_dist_mAP/05": 1.0790210825142565}