{"loss/hierarchical-cross-entropy": 0.012260914221405983, "accuracy_top/01": 0.76875, "accuracy_top/05": 0.90625, "ilsvrc_dist_avg/01": 0.13111165929357568, "ilsvrc_dist_avg/05": 0.738203079662895, "ilsvrc_dist_top/01": 0.13111165929357568, "ilsvrc_dist_top/05": 0.008664339756999316, "ilsvrc_dist_mistakes/avg01": 0.8391146194788845, "ilsvrc_dist_mistakes/avg05": 0.6921132130666626, "ilsvrc_dist_precision/01": 1.2252619473291886, "ilsvrc_dist_precision/05": 0.9719912682232289, "ilsvrc_dist_mAP/01": 1.2252619473291886, "ilsvrc_dist_mAP/05": 1.0829711410552878}