{"loss/hierarchical-cross-entropy": 0.02141661886125803, "accuracy_top/01": 0.70625, "accuracy_top/05": 0.9125, "ilsvrc_dist_avg/01": 0.22364420864638804, "ilsvrc_dist_avg/05": 0.7527539610372453, "ilsvrc_dist_top/01": 0.22364420864638804, "ilsvrc_dist_top/05": 0.015530666561175003, "ilsvrc_dist_mistakes/avg01": 0.96711009144384, "ilsvrc_dist_mistakes/avg05": 0.7695863746951948, "ilsvrc_dist_precision/01": 1.1080768952795002, "ilsvrc_dist_precision/05": 0.9327488479758153, "ilsvrc_dist_mAP/01": 1.1080768952795002, "ilsvrc_dist_mAP/05": 1.0202881727524855}