{"loss/hierarchical-cross-entropy": 0.031226211786270143, "accuracy_top/01": 0.55625, "accuracy_top/05": 0.9, "ilsvrc_dist_avg/01": 0.373882560406786, "ilsvrc_dist_avg/05": 0.7643941441036322, "ilsvrc_dist_top/01": 0.373882560406786, "ilsvrc_dist_top/05": 0.04585585571067261, "ilsvrc_dist_mistakes/avg01": 0.8928538755982949, "ilsvrc_dist_mistakes/avg05": 0.7543395587930543, "ilsvrc_dist_precision/01": 0.9178120728571344, "ilsvrc_dist_precision/05": 0.9013563196542533, "ilsvrc_dist_mAP/01": 0.9178120728571344, "ilsvrc_dist_mAP/05": 0.9413783971560459}