{"loss/hierarchical-cross-entropy": 0.017836883664131165, "accuracy_top/01": 0.70625, "accuracy_top/05": 0.8625, "ilsvrc_dist_avg/01": 0.19903878336248015, "ilsvrc_dist_avg/05": 0.7626612761522323, "ilsvrc_dist_top/01": 0.19903878336248015, "ilsvrc_dist_top/05": 0.04225982980502535, "ilsvrc_dist_mistakes/avg01": 0.8846168149443563, "ilsvrc_dist_mistakes/avg05": 0.776793920190587, "ilsvrc_dist_precision/01": 1.139237692888194, "ilsvrc_dist_precision/05": 0.9060297088897658, "ilsvrc_dist_mAP/01": 1.139237692888194, "ilsvrc_dist_mAP/05": 1.022772756613716}