{"loss/hierarchical-cross-entropy": 0.06906979382038117, "accuracy_top/01": 0.19375, "accuracy_top/05": 0.575, "ilsvrc_dist_avg/01": 0.7818557237859464, "ilsvrc_dist_avg/05": 0.8659193683860307, "ilsvrc_dist_top/01": 0.7818557237859464, "ilsvrc_dist_top/05": 0.31273706918344246, "ilsvrc_dist_mistakes/avg01": 0.9697435333779177, "ilsvrc_dist_mistakes/avg05": 0.880404021613965, "ilsvrc_dist_precision/01": 0.40114678350930655, "ilsvrc_dist_precision/05": 0.6275519077767854, "ilsvrc_dist_mAP/01": 0.40114678350930655, "ilsvrc_dist_mAP/05": 0.5472215264748436}