{"loss/hierarchical-cross-entropy": 0.014832623861730098, "accuracy_top/01": 0.73125, "accuracy_top/05": 0.9125, "ilsvrc_dist_avg/01": 0.17337148909860106, "ilsvrc_dist_avg/05": 0.7478328759804638, "ilsvrc_dist_top/01": 0.17337148909860106, "ilsvrc_dist_top/05": 0.011198496682675344, "ilsvrc_dist_mistakes/avg01": 0.8405890380538232, "ilsvrc_dist_mistakes/avg05": 0.7545939431967847, "ilsvrc_dist_precision/01": 1.1717432623912991, "ilsvrc_dist_precision/05": 0.946020572409766, "ilsvrc_dist_mAP/01": 1.1717432623912991, "ilsvrc_dist_mAP/05": 1.057504163669085}