{"loss/hierarchical-cross-entropy": 0.009579114243388176, "accuracy_top/01": 0.8, "accuracy_top/05": 0.9375, "ilsvrc_dist_avg/01": 0.11991316261090035, "ilsvrc_dist_avg/05": 0.7348024887615191, "ilsvrc_dist_top/01": 0.11991316261090035, "ilsvrc_dist_top/05": 0.006866326804175686, "ilsvrc_dist_mistakes/avg01": 0.8341785225106113, "ilsvrc_dist_mistakes/avg05": 0.6768959683447334, "ilsvrc_dist_precision/01": 1.2394439451863315, "ilsvrc_dist_precision/05": 0.9811623564761071, "ilsvrc_dist_mAP/01": 1.2394439451863315, "ilsvrc_dist_mAP/05": 1.1075523445462934}