{"loss/hierarchical-cross-entropy": 0.039423703029751775, "accuracy_top/01": 0.525, "accuracy_top/05": 0.84375, "ilsvrc_dist_avg/01": 0.41401865225186885, "ilsvrc_dist_avg/05": 0.7951466910105862, "ilsvrc_dist_top/01": 0.41401865225186885, "ilsvrc_dist_top/05": 0.08811568551569796, "ilsvrc_dist_mistakes/avg01": 0.9329997797225213, "ilsvrc_dist_mistakes/avg05": 0.8158099716465353, "ilsvrc_dist_precision/01": 0.8669829317080673, "ilsvrc_dist_precision/05": 0.8184194625420584, "ilsvrc_dist_mAP/01": 0.8669829317080673, "ilsvrc_dist_mAP/05": 0.8620710833890083}