{"loss/hierarchical-cross-entropy": 0.013776531629264354, "accuracy_top/01": 0.7625, "accuracy_top/05": 0.9, "ilsvrc_dist_avg/01": 0.14917648278042672, "ilsvrc_dist_avg/05": 0.7405900077940004, "ilsvrc_dist_top/01": 0.14917648278042672, "ilsvrc_dist_top/05": 0.012996509635498973, "ilsvrc_dist_mistakes/avg01": 0.8524370444595812, "ilsvrc_dist_mistakes/avg05": 0.7228684035294743, "ilsvrc_dist_precision/01": 1.2023842972981322, "ilsvrc_dist_precision/05": 0.9655539374243995, "ilsvrc_dist_mAP/01": 1.2023842972981322, "ilsvrc_dist_mAP/05": 1.073007603377686}