{"loss/hierarchical-cross-entropy": 0.014703139290213585, "accuracy_top/01": 0.74375, "accuracy_top/05": 0.9125, "ilsvrc_dist_avg/01": 0.15857696651027847, "ilsvrc_dist_avg/05": 0.7601440580182792, "ilsvrc_dist_top/01": 0.15857696651027847, "ilsvrc_dist_top/05": 0.004332169878499658, "ilsvrc_dist_mistakes/avg01": 0.8749074014360191, "ilsvrc_dist_mistakes/avg05": 0.7382619796168007, "ilsvrc_dist_precision/01": 1.1904793386335364, "ilsvrc_dist_precision/05": 0.912818420124889, "ilsvrc_dist_mAP/01": 1.1904793386335364, "ilsvrc_dist_mAP/05": 1.0344835432388824}