{"loss/hierarchical-cross-entropy": 0.011845394037663937, "accuracy_top/01": 0.7625, "accuracy_top/05": 0.89375, "ilsvrc_dist_avg/01": 0.12064930658375275, "ilsvrc_dist_avg/05": 0.7515279244709807, "ilsvrc_dist_top/01": 0.12064930658375275, "ilsvrc_dist_top/05": 0.004332169878499658, "ilsvrc_dist_mistakes/avg01": 0.8774495024272929, "ilsvrc_dist_mistakes/avg05": 0.7340632650083532, "ilsvrc_dist_precision/01": 1.2385116778881957, "ilsvrc_dist_precision/05": 0.936055358484303, "ilsvrc_dist_mAP/01": 1.2385116778881957, "ilsvrc_dist_mAP/05": 1.0697021594533234}