{"loss/hierarchical-cross-entropy": 0.0494228295981884, "accuracy_top/01": 0.3625, "accuracy_top/05": 0.81875, "ilsvrc_dist_avg/01": 0.5936050181404079, "ilsvrc_dist_avg/05": 0.8026670779944677, "ilsvrc_dist_top/01": 0.5936050181404079, "ilsvrc_dist_top/05": 0.10797852195537261, "ilsvrc_dist_mistakes/avg01": 0.9593616454794471, "ilsvrc_dist_mistakes/avg05": 0.8081253149080361, "ilsvrc_dist_precision/01": 0.6395512032919168, "ilsvrc_dist_precision/05": 0.7981376542548386, "ilsvrc_dist_mAP/01": 0.6395512032919168, "ilsvrc_dist_mAP/05": 0.7523144174585268}