{"loss/hierarchical-cross-entropy": 0.030229933187365533, "accuracy_top/01": 0.60625, "accuracy_top/05": 0.8875, "ilsvrc_dist_avg/01": 0.30848959326355757, "ilsvrc_dist_avg/05": 0.7745307718063363, "ilsvrc_dist_top/01": 0.30848959326355757, "ilsvrc_dist_top/05": 0.04585585571067261, "ilsvrc_dist_mistakes/avg01": 0.8813988378958788, "ilsvrc_dist_mistakes/avg05": 0.7646284788888295, "ilsvrc_dist_precision/01": 1.000627020807446, "ilsvrc_dist_precision/05": 0.8740187451137661, "ilsvrc_dist_mAP/01": 1.000627020807446, "ilsvrc_dist_mAP/05": 0.9441678466672689}