{"loss/hierarchical-cross-entropy": 0.014430423639714718, "accuracy_top/01": 0.7875, "accuracy_top/05": 0.9375, "ilsvrc_dist_avg/01": 0.14991262675327915, "ilsvrc_dist_avg/05": 0.7527539610372456, "ilsvrc_dist_top/01": 0.14991262675327915, "ilsvrc_dist_top/05": 0.012996509635498973, "ilsvrc_dist_mistakes/avg01": 0.8883711215009135, "ilsvrc_dist_mistakes/avg05": 0.7291036131250861, "ilsvrc_dist_precision/01": 1.2014520299999965, "ilsvrc_dist_precision/05": 0.9327488479758148, "ilsvrc_dist_mAP/01": 1.2014520299999965, "ilsvrc_dist_mAP/05": 1.048436431386105}