{"loss/hierarchical-cross-entropy": 0.01728285923600197, "accuracy_top/01": 0.675, "accuracy_top/05": 0.86875, "ilsvrc_dist_avg/01": 0.21023728004515546, "ilsvrc_dist_avg/05": 0.7691849391575662, "ilsvrc_dist_top/01": 0.21023728004515546, "ilsvrc_dist_top/05": 0.026729163243850346, "ilsvrc_dist_mistakes/avg01": 0.8852096001901283, "ilsvrc_dist_mistakes/avg05": 0.7434806105082347, "ilsvrc_dist_precision/01": 1.1250556950310509, "ilsvrc_dist_precision/05": 0.888435975656596, "ilsvrc_dist_mAP/01": 1.1250556950310509, "ilsvrc_dist_mAP/05": 1.0045216969824948}