{"loss/hierarchical-cross-entropy": 0.013210861384868622, "accuracy_top/01": 0.78125, "accuracy_top/05": 0.91875, "ilsvrc_dist_avg/01": 0.12171117556372398, "ilsvrc_dist_avg/05": 0.7468192132101935, "ilsvrc_dist_top/01": 0.12171117556372398, "ilsvrc_dist_top/05": 0.008664339756999316, "ilsvrc_dist_mistakes/avg01": 0.8114078370914933, "ilsvrc_dist_mistakes/avg05": 0.7147407370969491, "ilsvrc_dist_precision/01": 1.2371669059937846, "ilsvrc_dist_precision/05": 0.9487543298638148, "ilsvrc_dist_mAP/01": 1.2371669059937846, "ilsvrc_dist_mAP/05": 1.0753959961083912}