{"loss/hierarchical-cross-entropy": 0.02391160689294338, "accuracy_top/01": 0.65625, "accuracy_top/05": 0.8875, "ilsvrc_dist_avg/01": 0.26950006435706064, "ilsvrc_dist_avg/05": 0.7570861309157451, "ilsvrc_dist_top/01": 0.26950006435706064, "ilsvrc_dist_top/05": 0.037191515953673294, "ilsvrc_dist_mistakes/avg01": 0.9174470275985043, "ilsvrc_dist_mistakes/avg05": 0.7610048887200626, "ilsvrc_dist_precision/01": 1.0500041319565163, "ilsvrc_dist_precision/05": 0.9210653748870337, "ilsvrc_dist_mAP/01": 1.0500041319565163, "ilsvrc_dist_mAP/05": 1.0023006559453431}