{"loss/hierarchical-cross-entropy": 0.019844333082437514, "accuracy_top/01": 0.71875, "accuracy_top/05": 0.93125, "ilsvrc_dist_avg/01": 0.20590511016665586, "ilsvrc_dist_avg/05": 0.7537676238075158, "ilsvrc_dist_top/01": 0.20590511016665586, "ilsvrc_dist_top/05": 0.012996509635498973, "ilsvrc_dist_mistakes/avg01": 0.8904004763963496, "ilsvrc_dist_mistakes/avg05": 0.7345191221020562, "ilsvrc_dist_precision/01": 1.130542040714281, "ilsvrc_dist_precision/05": 0.9300150905217663, "ilsvrc_dist_mAP/01": 1.130542040714281, "ilsvrc_dist_mAP/05": 1.0234150913084323}