{"loss/hierarchical-cross-entropy": 0.0268209058791399, "accuracy_top/01": 0.5875, "accuracy_top/05": 0.85, "ilsvrc_dist_avg/01": 0.2896886258038541, "ilsvrc_dist_avg/05": 0.7626612761522323, "ilsvrc_dist_top/01": 0.2896886258038541, "ilsvrc_dist_top/05": 0.037191515953673294, "ilsvrc_dist_mistakes/avg01": 0.8583366690484567, "ilsvrc_dist_mistakes/avg05": 0.7507569855336408, "ilsvrc_dist_precision/01": 1.0244369381366378, "ilsvrc_dist_precision/05": 0.906029708889766, "ilsvrc_dist_mAP/01": 1.0244369381366378, "ilsvrc_dist_mAP/05": 0.9827514541684312}