{"loss/hierarchical-cross-entropy": 0.014461121521890163, "accuracy_top/01": 0.74375, "accuracy_top/05": 0.90625, "ilsvrc_dist_avg/01": 0.14590618188189833, "ilsvrc_dist_avg/05": 0.7395112000223063, "ilsvrc_dist_top/01": 0.14590618188189833, "ilsvrc_dist_top/05": 0.0, "ilsvrc_dist_mistakes/avg01": 0.8049996241759907, "ilsvrc_dist_mistakes/avg05": 0.6915369878776119, "ilsvrc_dist_precision/01": 1.206525871086951, "ilsvrc_dist_precision/05": 0.9684633850965954, "ilsvrc_dist_mAP/01": 1.206525871086951, "ilsvrc_dist_mAP/05": 1.068514018908211}