{"loss/hierarchical-cross-entropy": 0.013266113959252835, "accuracy_top/01": 0.7625, "accuracy_top/05": 0.93125, "ilsvrc_dist_avg/01": 0.14844033880757435, "ilsvrc_dist_avg/05": 0.7454459478493582, "ilsvrc_dist_top/01": 0.14844033880757435, "ilsvrc_dist_top/05": 0.004332169878499658, "ilsvrc_dist_mistakes/avg01": 0.8189811796279964, "ilsvrc_dist_mistakes/avg05": 0.7214841130743939, "ilsvrc_dist_precision/01": 1.2033165645962682, "ilsvrc_dist_precision/05": 0.9524579032085955, "ilsvrc_dist_mAP/01": 1.2033165645962682, "ilsvrc_dist_mAP/05": 1.0797728692580582}