{"loss/hierarchical-cross-entropy": 0.014805598929524422, "accuracy_top/01": 0.7375, "accuracy_top/05": 0.9125, "ilsvrc_dist_avg/01": 0.1672413062672778, "ilsvrc_dist_avg/05": 0.7493533701358694, "ilsvrc_dist_top/01": 0.1672413062672778, "ilsvrc_dist_top/05": 0.008664339756999316, "ilsvrc_dist_mistakes/avg01": 0.8631809355730466, "ilsvrc_dist_mistakes/avg05": 0.7308794301256492, "ilsvrc_dist_precision/01": 1.1795066472670763, "ilsvrc_dist_precision/05": 0.9419199362286932, "ilsvrc_dist_mAP/01": 1.1795066472670763, "ilsvrc_dist_mAP/05": 1.049595432474713}