{"loss/hierarchical-cross-entropy": 0.01680779308080673, "accuracy_top/01": 0.79375, "accuracy_top/05": 0.875, "ilsvrc_dist_avg/01": 0.11198496682675343, "ilsvrc_dist_avg/05": 0.7619420709711029, "ilsvrc_dist_top/01": 0.11198496682675343, "ilsvrc_dist_top/05": 0.03359549004802603, "ilsvrc_dist_mistakes/avg01": 0.8958797346140275, "ilsvrc_dist_mistakes/avg05": 0.8272216869032067, "ilsvrc_dist_precision/01": 1.249484369254656, "ilsvrc_dist_precision/05": 0.9079693406712297, "ilsvrc_dist_mAP/01": 1.249484369254656, "ilsvrc_dist_mAP/05": 1.0499663170564444}