{"loss/hierarchical-cross-entropy": 0.016035578958690167, "accuracy_top/01": 0.74375, "accuracy_top/05": 0.90625, "ilsvrc_dist_avg/01": 0.1723096201186298, "ilsvrc_dist_avg/05": 0.7529011898318159, "ilsvrc_dist_top/01": 0.1723096201186298, "ilsvrc_dist_top/05": 0.011198496682675344, "ilsvrc_dist_mistakes/avg01": 0.8893399748058313, "ilsvrc_dist_mistakes/avg05": 0.762270277204991, "ilsvrc_dist_precision/01": 1.1730880342857102, "ilsvrc_dist_precision/05": 0.9323517851395225, "ilsvrc_dist_mAP/01": 1.1730880342857102, "ilsvrc_dist_mAP/05": 1.0466360878658527}