{"loss/hierarchical-cross-entropy": 0.010702636186033487, "accuracy_top/01": 0.76875, "accuracy_top/05": 0.91875, "ilsvrc_dist_avg/01": 0.13111165929357568, "ilsvrc_dist_avg/05": 0.7434186223088175, "ilsvrc_dist_top/01": 0.13111165929357568, "ilsvrc_dist_top/05": 0.004332169878499658, "ilsvrc_dist_mistakes/avg01": 0.8391146194788845, "ilsvrc_dist_mistakes/avg05": 0.7190052442708362, "ilsvrc_dist_precision/01": 1.2252619473291886, "ilsvrc_dist_precision/05": 0.957925418116693, "ilsvrc_dist_mAP/01": 1.2252619473291886, "ilsvrc_dist_mAP/05": 1.09046541398164}