{"loss/hierarchical-cross-entropy": 0.009839227795600891, "accuracy_top/01": 0.83125, "accuracy_top/05": 0.925, "ilsvrc_dist_avg/01": 0.09064984244137397, "ilsvrc_dist_avg/05": 0.7371894168926245, "ilsvrc_dist_top/01": 0.09064984244137397, "ilsvrc_dist_top/05": 0.011198496682675344, "ilsvrc_dist_mistakes/avg01": 0.8057763772566575, "ilsvrc_dist_mistakes/avg05": 0.7050760511631209, "ilsvrc_dist_precision/01": 1.276503593074531, "ilsvrc_dist_precision/05": 0.9747250256772777, "ilsvrc_dist_mAP/01": 1.276503593074531, "ilsvrc_dist_mAP/05": 1.10413522883533}