{"loss/hierarchical-cross-entropy": 0.02020112369209528, "accuracy_top/01": 0.65625, "accuracy_top/05": 0.9125, "ilsvrc_dist_avg/01": 0.22936397251197774, "ilsvrc_dist_avg/05": 0.7610104919939792, "ilsvrc_dist_top/01": 0.22936397251197774, "ilsvrc_dist_top/05": 0.008664339756999316, "ilsvrc_dist_mistakes/avg01": 0.8534473395794521, "ilsvrc_dist_mistakes/avg05": 0.7269234368881347, "ilsvrc_dist_precision/01": 1.1008332731055834, "ilsvrc_dist_precision/05": 0.9104817255071328, "ilsvrc_dist_mAP/01": 1.1008332731055834, "ilsvrc_dist_mAP/05": 1.0140554818784042}