{"loss/hierarchical-cross-entropy": 0.013408486917614936, "accuracy_top/01": 0.76875, "accuracy_top/05": 0.925, "ilsvrc_dist_avg/01": 0.1441081689290747, "ilsvrc_dist_avg/05": 0.7454459478493584, "ilsvrc_dist_top/01": 0.1441081689290747, "ilsvrc_dist_top/05": 0.004332169878499658, "ilsvrc_dist_mistakes/avg01": 0.8234752510232839, "ilsvrc_dist_mistakes/avg05": 0.7187586596373061, "ilsvrc_dist_precision/01": 1.2088029102794982, "ilsvrc_dist_precision/05": 0.9524579032085955, "ilsvrc_dist_mAP/01": 1.2088029102794982, "ilsvrc_dist_mAP/05": 1.0763967126980845}