{"loss/hierarchical-cross-entropy": 0.019523574225604533, "accuracy_top/01": 0.66875, "accuracy_top/05": 0.9125, "ilsvrc_dist_avg/01": 0.24309662612032917, "ilsvrc_dist_avg/05": 0.7583291062737325, "ilsvrc_dist_top/01": 0.24309662612032917, "ilsvrc_dist_top/05": 0.018064823486851032, "ilsvrc_dist_mistakes/avg01": 0.8643435595389481, "ilsvrc_dist_mistakes/avg05": 0.7295498843929827, "ilsvrc_dist_precision/01": 1.0834419687577574, "ilsvrc_dist_precision/05": 0.9177131819785469, "ilsvrc_dist_mAP/01": 1.0834419687577574, "ilsvrc_dist_mAP/05": 1.007395523431002}