{"loss/hierarchical-cross-entropy": 0.023198721557855607, "accuracy_top/01": 0.71875, "accuracy_top/05": 0.9, "ilsvrc_dist_avg/01": 0.22470607762635927, "ilsvrc_dist_avg/05": 0.7638221677170731, "ilsvrc_dist_top/01": 0.22470607762635927, "ilsvrc_dist_top/05": 0.03539350300084966, "ilsvrc_dist_mistakes/avg01": 0.9218710876978842, "ilsvrc_dist_mistakes/avg05": 0.7790135426136148, "ilsvrc_dist_precision/01": 1.1067321233850886, "ilsvrc_dist_precision/05": 0.9028988885994247, "ilsvrc_dist_mAP/01": 1.1067321233850886, "ilsvrc_dist_mAP/05": 0.9970209839010474}