{"loss/hierarchical-cross-entropy": 0.028301963582634926, "accuracy_top/01": 0.60625, "accuracy_top/05": 0.89375, "ilsvrc_dist_avg/01": 0.3305608616217895, "ilsvrc_dist_avg/05": 0.7770649287320124, "ilsvrc_dist_top/01": 0.3305608616217895, "ilsvrc_dist_top/05": 0.04839001263634864, "ilsvrc_dist_mistakes/avg01": 0.9278901378857246, "ilsvrc_dist_mistakes/avg05": 0.7837052790906761, "ilsvrc_dist_precision/01": 0.9726755296894349, "ilsvrc_dist_precision/05": 0.8671843514786444, "ilsvrc_dist_mAP/01": 0.9726755296894349, "ilsvrc_dist_mAP/05": 0.9387052393329689}