{"loss/hierarchical-cross-entropy": 0.012001305446028709, "accuracy_top/01": 0.78125, "accuracy_top/05": 0.9125, "ilsvrc_dist_avg/01": 0.1148448487595483, "ilsvrc_dist_avg/05": 0.7447918876696525, "ilsvrc_dist_top/01": 0.1148448487595483, "ilsvrc_dist_top/05": 0.011198496682675344, "ilsvrc_dist_mistakes/avg01": 0.7989206870229447, "ilsvrc_dist_mistakes/avg05": 0.7111296035223443, "ilsvrc_dist_precision/01": 1.2458625581676974, "ilsvrc_dist_precision/05": 0.9542218447719122, "ilsvrc_dist_mAP/01": 1.2458625581676974, "ilsvrc_dist_mAP/05": 1.0825549656673048}