{"loss/hierarchical-cross-entropy": 0.02964997887611389, "accuracy_top/01": 0.59375, "accuracy_top/05": 0.8875, "ilsvrc_dist_avg/01": 0.327290560723261, "ilsvrc_dist_avg/05": 0.7690377103629957, "ilsvrc_dist_top/01": 0.327290560723261, "ilsvrc_dist_top/05": 0.025993019270997945, "ilsvrc_dist_mistakes/avg01": 0.9028705123400302, "ilsvrc_dist_mistakes/avg05": 0.7604060302899501, "ilsvrc_dist_precision/01": 0.9768171034782538, "ilsvrc_dist_precision/05": 0.8888330384928885, "ilsvrc_dist_mAP/01": 0.9768171034782538, "ilsvrc_dist_mAP/05": 0.9393943469790622}