{"loss/hierarchical-cross-entropy": 0.010440414119511843, "accuracy_top/01": 0.8, "accuracy_top/05": 0.925, "ilsvrc_dist_avg/01": 0.11811514965807672, "ilsvrc_dist_avg/05": 0.7505142617007103, "ilsvrc_dist_top/01": 0.11811514965807672, "ilsvrc_dist_top/05": 0.004332169878499658, "ilsvrc_dist_mistakes/avg01": 0.859019270240558, "ilsvrc_dist_mistakes/avg05": 0.6898307077601897, "ilsvrc_dist_precision/01": 1.2417209843788786, "ilsvrc_dist_precision/05": 0.9387891159383518, "ilsvrc_dist_mAP/01": 1.2417209843788786, "ilsvrc_dist_mAP/05": 1.0738084544599937}