{"loss/hierarchical-cross-entropy": 0.030980201438069344, "accuracy_top/01": 0.55625, "accuracy_top/05": 0.875, "ilsvrc_dist_avg/01": 0.36194791975125823, "ilsvrc_dist_avg/05": 0.773222651446925, "ilsvrc_dist_top/01": 0.36194791975125823, "ilsvrc_dist_top/05": 0.057054352393347954, "ilsvrc_dist_mistakes/avg01": 0.8774495024272927, "ilsvrc_dist_mistakes/avg05": 0.762796736189883, "ilsvrc_dist_precision/01": 0.9329263380124134, "ilsvrc_dist_precision/05": 0.8775466282403996, "ilsvrc_dist_mAP/01": 0.9329263380124134, "ilsvrc_dist_mAP/05": 0.927702874413684}