{"loss/hierarchical-cross-entropy": 0.023770096339285375, "accuracy_top/01": 0.61875, "accuracy_top/05": 0.90625, "ilsvrc_dist_avg/01": 0.27996241706688363, "ilsvrc_dist_avg/05": 0.7659315770507608, "ilsvrc_dist_top/01": 0.27996241706688363, "ilsvrc_dist_top/05": 0.015530666561175003, "ilsvrc_dist_mistakes/avg01": 0.8958797346140276, "ilsvrc_dist_mistakes/avg05": 0.7444838790471332, "ilsvrc_dist_precision/01": 1.0367544013975092, "ilsvrc_dist_precision/05": 0.8972100010731816, "ilsvrc_dist_mAP/01": 1.0367544013975092, "ilsvrc_dist_mAP/05": 0.9848182166015009}