{"loss/hierarchical-cross-entropy": 0.018188052624464036, "accuracy_top/01": 0.75625, "accuracy_top/05": 0.93125, "ilsvrc_dist_avg/01": 0.19364474450400926, "ilsvrc_dist_avg/05": 0.7519526720629692, "ilsvrc_dist_top/01": 0.19364474450400926, "ilsvrc_dist_top/05": 0.02419500631817432, "ilsvrc_dist_mistakes/avg01": 0.9388836097164086, "ilsvrc_dist_mistakes/avg05": 0.764739254915401, "ilsvrc_dist_precision/01": 1.1460688104658352, "ilsvrc_dist_precision/05": 0.9349098523754243, "ilsvrc_dist_mAP/01": 1.1460688104658352, "ilsvrc_dist_mAP/05": 1.0321594512780206}