{"loss/hierarchical-cross-entropy": 0.02258642353117466, "accuracy_top/01": 0.675, "accuracy_top/05": 0.8875, "ilsvrc_dist_avg/01": 0.2250318026334781, "ilsvrc_dist_avg/05": 0.7748252293954774, "ilsvrc_dist_top/01": 0.2250318026334781, "ilsvrc_dist_top/05": 0.03972567287934932, "ilsvrc_dist_mistakes/avg01": 0.8572640100322976, "ilsvrc_dist_mistakes/avg05": 0.7566248981733016, "ilsvrc_dist_precision/01": 1.1063196187888136, "ilsvrc_dist_precision/05": 0.8732246194411811, "ilsvrc_dist_mAP/01": 1.1063196187888136, "ilsvrc_dist_mAP/05": 0.9809598347038353}