{"loss/hierarchical-cross-entropy": 0.011016448587179184, "accuracy_top/01": 0.8375, "accuracy_top/05": 0.95, "ilsvrc_dist_avg/01": 0.1094508099010774, "ilsvrc_dist_avg/05": 0.7395112000223063, "ilsvrc_dist_top/01": 0.1094508099010774, "ilsvrc_dist_top/05": 0.0, "ilsvrc_dist_mistakes/avg01": 0.8756064792086192, "ilsvrc_dist_mistakes/avg05": 0.7369770430966303, "ilsvrc_dist_precision/01": 1.2526936757453389, "ilsvrc_dist_precision/05": 0.9684633850965951, "ilsvrc_dist_mAP/01": 1.2526936757453389, "ilsvrc_dist_mAP/05": 1.1017038164650805}