{"loss/hierarchical-cross-entropy": 0.017819245345890522, "accuracy_top/01": 0.7375, "accuracy_top/05": 0.8625, "ilsvrc_dist_avg/01": 0.16797745024013014, "ilsvrc_dist_avg/05": 0.7639693965116438, "ilsvrc_dist_top/01": 0.16797745024013014, "ilsvrc_dist_top/05": 0.03359549004802603, "ilsvrc_dist_mistakes/avg01": 0.8958797346140275, "ilsvrc_dist_mistakes/avg05": 0.7984916893280418, "ilsvrc_dist_precision/01": 1.1785743799689403, "ilsvrc_dist_precision/05": 0.9025018257631323, "ilsvrc_dist_mAP/01": 1.1785743799689403, "ilsvrc_dist_mAP/05": 1.017878056152083}