{"loss/hierarchical-cross-entropy": 0.011005420796573162, "accuracy_top/01": 0.79375, "accuracy_top/05": 0.9125, "ilsvrc_dist_avg/01": 0.11124882285390106, "ilsvrc_dist_avg/05": 0.7520347558561159, "ilsvrc_dist_top/01": 0.11124882285390106, "ilsvrc_dist_top/05": 0.004332169878499658, "ilsvrc_dist_mistakes/avg01": 0.8476100788868651, "ilsvrc_dist_mistakes/avg05": 0.7078588995781485, "ilsvrc_dist_precision/01": 1.2504166365527918, "ilsvrc_dist_precision/05": 0.9346884797572788, "ilsvrc_dist_mAP/01": 1.2504166365527918, "ilsvrc_dist_mAP/05": 1.0725897538053837}