{"loss/hierarchical-cross-entropy": 0.02193678021430969, "accuracy_top/01": 0.68125, "accuracy_top/05": 0.91875, "ilsvrc_dist_avg/01": 0.22830210353200658, "ilsvrc_dist_avg/05": 0.7534080212169512, "ilsvrc_dist_top/01": 0.22830210353200658, "ilsvrc_dist_top/05": 0.008664339756999316, "ilsvrc_dist_mistakes/avg01": 0.8909350381736841, "ilsvrc_dist_mistakes/avg05": 0.7432449849702539, "ilsvrc_dist_precision/01": 1.1021780449999947, "ilsvrc_dist_precision/05": 0.9309849064124982, "ilsvrc_dist_mAP/01": 1.1021780449999947, "ilsvrc_dist_mAP/05": 1.027223062863889}