{"loss/hierarchical-cross-entropy": 0.015063667669892311, "accuracy_top/01": 0.75625, "accuracy_top/05": 0.9125, "ilsvrc_dist_avg/01": 0.14917648278042672, "ilsvrc_dist_avg/05": 0.7518875270615455, "ilsvrc_dist_top/01": 0.14917648278042672, "ilsvrc_dist_top/05": 0.008664339756999316, "ilsvrc_dist_mistakes/avg01": 0.8524370444595812, "ilsvrc_dist_mistakes/avg05": 0.7497753250196878, "ilsvrc_dist_precision/01": 1.2023842972981322, "ilsvrc_dist_precision/05": 0.9350855425935712, "ilsvrc_dist_mAP/01": 1.2023842972981322, "ilsvrc_dist_mAP/05": 1.053702707347186}