{"loss/hierarchical-cross-entropy": 0.009519562311470508, "accuracy_top/01": 0.84375, "accuracy_top/05": 0.925, "ilsvrc_dist_avg/01": 0.08451965961005069, "ilsvrc_dist_avg/05": 0.7513806956764103, "ilsvrc_dist_top/01": 0.08451965961005069, "ilsvrc_dist_top/05": 0.008664339756999316, "ilsvrc_dist_mistakes/avg01": 0.8451965961005069, "ilsvrc_dist_mistakes/avg05": 0.7391007810565726, "ilsvrc_dist_precision/01": 1.284266977950308, "ilsvrc_dist_precision/05": 0.9364524213205957, "ilsvrc_dist_mAP/01": 1.284266977950308, "ilsvrc_dist_mAP/05": 1.0795533769691263}