{"loss/hierarchical-cross-entropy": 0.010276717320084571, "accuracy_top/01": 0.85625, "accuracy_top/05": 0.9625, "ilsvrc_dist_avg/01": 0.09825231321840207, "ilsvrc_dist_avg/05": 0.7515279244709807, "ilsvrc_dist_top/01": 0.09825231321840207, "ilsvrc_dist_top/05": 0.004332169878499658, "ilsvrc_dist_mistakes/avg01": 0.873353895274685, "ilsvrc_dist_mistakes/avg05": 0.7289105908986454, "ilsvrc_dist_precision/01": 1.266875673602482, "ilsvrc_dist_precision/05": 0.9360553584843032, "ilsvrc_dist_mAP/01": 1.266875673602482, "ilsvrc_dist_mAP/05": 1.0875151937210883}