{"loss/hierarchical-cross-entropy": 0.010879418626427651, "accuracy_top/01": 0.8, "accuracy_top/05": 0.90625, "ilsvrc_dist_avg/01": 0.11958743760378152, "ilsvrc_dist_avg/05": 0.760798118197985, "ilsvrc_dist_top/01": 0.11958743760378152, "ilsvrc_dist_top/05": 0.0, "ilsvrc_dist_mistakes/avg01": 0.9566995008302521, "ilsvrc_dist_mistakes/avg05": 0.7613049495831201, "ilsvrc_dist_precision/01": 1.2398564497826068, "ilsvrc_dist_precision/05": 0.9110544785615723, "ilsvrc_dist_mAP/01": 1.2398564497826068, "ilsvrc_dist_mAP/05": 1.0626983739637104}