{"loss/hierarchical-cross-entropy": 0.019244249910116196, "accuracy_top/01": 0.7125, "accuracy_top/05": 0.9, "ilsvrc_dist_avg/01": 0.19650462643680414, "ilsvrc_dist_avg/05": 0.7623837573548143, "ilsvrc_dist_top/01": 0.19650462643680414, "ilsvrc_dist_top/05": 0.012996509635498973, "ilsvrc_dist_mistakes/avg01": 0.873353895274685, "ilsvrc_dist_mistakes/avg05": 0.7372665764362913, "ilsvrc_dist_precision/01": 1.1424469993788766, "ilsvrc_dist_precision/05": 0.9067781521623521, "ilsvrc_dist_mAP/01": 1.1424469993788766, "ilsvrc_dist_mAP/05": 1.0237051134133424}