{"loss/hierarchical-cross-entropy": 0.01830737814307213, "accuracy_top/01": 0.69375, "accuracy_top/05": 0.90625, "ilsvrc_dist_avg/01": 0.20516896619380348, "ilsvrc_dist_avg/05": 0.7583291062737327, "ilsvrc_dist_top/01": 0.20516896619380348, "ilsvrc_dist_top/05": 0.012996509635498973, "ilsvrc_dist_mistakes/avg01": 0.8638693313423303, "ilsvrc_dist_mistakes/avg05": 0.7191121093188388, "ilsvrc_dist_precision/01": 1.1314743080124168, "ilsvrc_dist_precision/05": 0.9177131819785471, "ilsvrc_dist_mAP/01": 1.1314743080124168, "ilsvrc_dist_mAP/05": 1.0276886281604019}