{"loss/hierarchical-cross-entropy": 0.010866965167224407, "accuracy_top/01": 0.8, "accuracy_top/05": 0.9125, "ilsvrc_dist_avg/01": 0.09498201231987366, "ilsvrc_dist_avg/05": 0.7455931766439288, "ilsvrc_dist_top/01": 0.09498201231987366, "ilsvrc_dist_top/05": 0.0, "ilsvrc_dist_mistakes/avg01": 0.7998485247989361, "ilsvrc_dist_mistakes/avg05": 0.6825593575347448, "ilsvrc_dist_precision/01": 1.2710172473913008, "ilsvrc_dist_precision/05": 0.952060840372303, "ilsvrc_dist_mAP/01": 1.2710172473913008, "ilsvrc_dist_mAP/05": 1.084581063287264}