{"loss/hierarchical-cross-entropy": 0.03467837795615196, "accuracy_top/01": 0.5625, "accuracy_top/05": 0.8625, "ilsvrc_dist_avg/01": 0.3717588224468435, "ilsvrc_dist_avg/05": 0.7813319536090882, "ilsvrc_dist_top/01": 0.3717588224468435, "ilsvrc_dist_top/05": 0.05958850931902397, "ilsvrc_dist_mistakes/avg01": 0.9441493903411897, "ilsvrc_dist_mistakes/avg05": 0.7855866916095992, "ilsvrc_dist_precision/01": 0.9205016166459566, "ilsvrc_dist_precision/05": 0.85567656860801, "ilsvrc_dist_mAP/01": 0.9205016166459566, "ilsvrc_dist_mAP/05": 0.9001952888529562}