{"loss/hierarchical-cross-entropy": 0.006576143391430378, "accuracy_top/01": 0.825, "accuracy_top/05": 0.925, "ilsvrc_dist_avg/01": 0.07438303190734659, "ilsvrc_dist_avg/05": 0.7425521883331176, "ilsvrc_dist_top/01": 0.07438303190734659, "ilsvrc_dist_top/05": 0.0, "ilsvrc_dist_mistakes/avg01": 0.7438303190734659, "ilsvrc_dist_mistakes/avg05": 0.650815707623645, "ilsvrc_dist_precision/01": 1.2971042039130398, "ilsvrc_dist_precision/05": 0.9602621127344492, "ilsvrc_dist_mAP/01": 1.2971042039130398, "ilsvrc_dist_mAP/05": 1.1121213624486241}