{"loss/hierarchical-cross-entropy": 0.015200388804078101, "accuracy_top/01": 0.76875, "accuracy_top/05": 0.94375, "ilsvrc_dist_avg/01": 0.15784082253742604, "ilsvrc_dist_avg/05": 0.7387099110480302, "ilsvrc_dist_top/01": 0.15784082253742604, "ilsvrc_dist_top/05": 0.013732653608351372, "ilsvrc_dist_mistakes/avg01": 0.8418177201996055, "ilsvrc_dist_mistakes/avg05": 0.7070240450536402, "ilsvrc_dist_precision/01": 1.1914116059316722, "ilsvrc_dist_precision/05": 0.9706243894962047, "ilsvrc_dist_mAP/01": 1.1914116059316722, "ilsvrc_dist_mAP/05": 1.0683240515112264}