{"loss/hierarchical-cross-entropy": 0.033796139806509015, "accuracy_top/01": 0.60625, "accuracy_top/05": 0.84375, "ilsvrc_dist_avg/01": 0.33996134535164113, "ilsvrc_dist_avg/05": 0.7808251222239531, "ilsvrc_dist_top/01": 0.33996134535164113, "ilsvrc_dist_top/05": 0.05958850931902397, "ilsvrc_dist_mistakes/avg01": 0.9378244009700445, "ilsvrc_dist_mistakes/avg05": 0.7999138062530763, "ilsvrc_dist_precision/01": 0.9607705710248388, "ilsvrc_dist_precision/05": 0.8570434473350345, "ilsvrc_dist_mAP/01": 0.9607705710248388, "ilsvrc_dist_mAP/05": 0.9147661978392818}