{"loss/hierarchical-cross-entropy": 0.02601461298763752, "accuracy_top/01": 0.6375, "accuracy_top/05": 0.8625, "ilsvrc_dist_avg/01": 0.25862729268150414, "ilsvrc_dist_avg/05": 0.7774245313225769, "ilsvrc_dist_top/01": 0.25862729268150414, "ilsvrc_dist_top/05": 0.052722182514848295, "ilsvrc_dist_mistakes/avg01": 0.8620909756050138, "ilsvrc_dist_mistakes/avg05": 0.7839512304263504, "ilsvrc_dist_precision/01": 1.0637736252173844, "ilsvrc_dist_precision/05": 0.8662145355879124, "ilsvrc_dist_mAP/01": 1.0637736252173844, "ilsvrc_dist_mAP/05": 0.9684127174396784}