{"loss/hierarchical-cross-entropy": 0.02725544236600399, "accuracy_top/01": 0.63125, "accuracy_top/05": 0.9375, "ilsvrc_dist_avg/01": 0.3135579071149096, "ilsvrc_dist_avg/05": 0.7570209859143213, "ilsvrc_dist_top/01": 0.3135579071149096, "ilsvrc_dist_top/05": 0.02166084939249829, "ilsvrc_dist_mistakes/avg01": 0.8958797346140275, "ilsvrc_dist_mistakes/avg05": 0.7479065816491002, "ilsvrc_dist_precision/01": 0.9942084078260798, "ilsvrc_dist_precision/05": 0.9212410651051808, "ilsvrc_dist_mAP/01": 0.9942084078260798, "ilsvrc_dist_mAP/05": 0.9784215614790558}